experiment_name,train_time,dataset,test_acc,inside_labels,unknown_labels,epochs,pred_std__bal_acc,pred_std__f1_score,pred_std__auc,entropy__bal_acc,entropy__f1_score,entropy__auc,entropy_expectation__bal_acc,entropy_expectation__f1_score,entropy_expectation__auc,variation_ratio__bal_acc,variation_ratio__f1_score,variation_ratio__auc,classifier__bal_acc,classifier__f1_score,classifier__auc
1.1,1733.2882459163666,mnist,0.9928764431343651,"[0, 1, 4, 8]","[7, 9]",100.0,0.8529176322691967,0.8536836097198166,0.9183335719044514,0.8493323633894658,0.8524697752186358,0.9171036052513921,0.8488077508022596,0.8520017812342257,0.9162774423055513,0.7058707322532443,0.7682528993188634,0.7080278613197452,0.849365870358745,0.8514470561251587,0.9184771563736484
1.2,1713.0294375419617,mnist,0.9948415622697127,"[0, 1, 4, 8]","[7, 9]",100.0,0.8734597872636698,0.874674361792328,0.9286526563568599,0.8709714359272118,0.8736181567703801,0.9297225342160212,0.870734509157405,0.8729756100217895,0.9286400966604335,0.7562404933620636,0.8011551185374374,0.7597009769802855,0.8696886246936897,0.8728819569271112,0.9299029141777639
1.3,1712.7970626354218,mnist,0.9938590027020389,"[0, 1, 4, 8]","[7, 9]",100.0,0.8306313130998686,0.8351808186103469,0.900868209527546,0.8244857523215645,0.8311385979877618,0.897875940746508,0.8220054307032727,0.8297418076782646,0.8957408870250888,0.7302152187739895,0.7837011430160465,0.7307379383365611,0.8265385001132819,0.8333590560325509,0.8998766877644321
