experiment_name,train_time,dataset,test_acc,inside_labels,unknown_labels,epochs,pred_std__bal_acc,pred_std__f1_score,pred_std__auc,entropy__bal_acc,entropy__f1_score,entropy__auc,entropy_expectation__bal_acc,entropy_expectation__f1_score,entropy_expectation__auc,variation_ratio__bal_acc,variation_ratio__f1_score,variation_ratio__auc,classifier__bal_acc,classifier__f1_score,classifier__auc
1.1,854.2314870357513,cifar10,0.9195,"[0, 1, 4, 8]","[7, 9]",100.0,0.645375,0.679470080910465,0.7000868124999999,0.6451250000000001,0.6821506949524506,0.7008673125,0.645625,0.6800302571860817,0.6993504374999999,0.6148750000000001,0.675573627650305,0.6194358125,0.646,0.6878793812414333,0.7069585625000001
1.2,828.551620721817,cifar10,0.93175,"[0, 1, 4, 8]","[7, 9]",100.0,0.66325,0.691350531107739,0.72226621875,0.66325,0.6890513956123184,0.7225368750000001,0.66325,0.688211757463835,0.7213880625,0.628125,0.6873930978971727,0.63202646875,0.663375,0.694048616932104,0.7270684374999999
1.3,845.5440602302551,cifar10,0.9285,"[0, 1, 4, 8]","[7, 9]",100.0,0.6665,0.684270009246892,0.7216861875,0.6663749999999999,0.6865818791284631,0.7241884375,0.66625,0.6866359447004609,0.72394584375,0.625,0.6824954340094203,0.6299180312500001,0.667,0.6887983706720978,0.7261617499999999
1.4,840.9394268989563,cifar10,0.928,"[0, 1, 4, 8]","[7, 9]",100.0,0.6925,0.7027142551827313,0.754131375,0.692375,0.7060950962663547,0.760775125,0.694,0.7067466887417219,0.7612781249999999,0.6568750000000001,0.6970542635658915,0.66628409375,0.694625,0.7125836120401338,0.7629394999999999
1.5,841.714287519455,cifar10,0.929,"[0, 1, 4, 8]","[7, 9]",100.0,0.678,0.6887295081967213,0.734947875,0.67825,0.6911984087518648,0.7386276875,0.678875,0.6927463731865934,0.7391854375,0.631,0.6857753595025262,0.6366959375,0.67875,0.6940630247950212,0.7408338750000001
2.1,875.7461867332458,cifar10,0.8795,"[2, 4, 7, 8]","[3, 6]",100.0,0.66925,0.6979207532365633,0.7208578749999999,0.656625,0.6938583270535043,0.7109915625,0.651375,0.6863916371103229,0.7006751250000001,0.661875,0.6874600809027039,0.6736332187499999,0.6701250000000001,0.7002789956157832,0.72402259375
2.2,839.4999015331268,cifar10,0.877,"[2, 4, 7, 8]","[3, 6]",100.0,0.6799999999999999,0.7062641360999115,0.7405715625,0.668125,0.7076395196286205,0.7320325,0.6621250000000001,0.6993590988541466,0.7222247500000001,0.6753750000000001,0.6947803617571059,0.6928052812500001,0.682,0.7078536184210527,0.74333546875
